{"effectsVolume":0.6779999732971191,"masterVolume":0.23000004887580872,"musicVolume":0.27199995517730713,"uiVolume":0.0}